lr-AdamW,step,train_loss,epoch
0.001,0,,
,49,0.19527380168437958,0
,99,0.19388236105442047,0
,149,0.18885092437267303,0
,199,0.17632590234279633,0
,249,0.17094145715236664,0
,299,0.17017310857772827,0
,349,0.178583025932312,0
,399,0.17448700964450836,0
,449,0.15773117542266846,0
,499,0.17104758322238922,0
